{
  "IcoMoonType": "selection",
  "icons": [
    {
      "icon": {
        "paths": [
          "M959.444 619.768c0 35.017-28.387 63.404-63.404 63.404s-63.404-28.387-63.404-63.404c0-35.017 28.387-63.404 63.404-63.404s63.404 28.387 63.404 63.404z",
          "M1134.598 619.768c0 35.017-28.387 63.404-63.404 63.404s-63.404-28.387-63.404-63.404c0-35.017 28.387-63.404 63.404-63.404s63.404 28.387 63.404 63.404z",
          "M1239.637 781.461c0 22.314-18.11 40.423-40.423 40.423h-1044.252c-22.314 0-40.423-18.11-40.423-40.423v-363.809c0-22.314 18.11-40.423 40.423-40.423h1044.272c22.314 0 40.423 18.11 40.423 40.423v363.809z",
          "M235.809 476.61h80.846v262.751h-80.846v-262.751z",
          "M154.962 581.871h242.539v75.793h-242.539v-75.793z",
          "M518.771 587.773h70.741v50.529h-70.741v-50.529z",
          "M624.882 587.773h70.741v50.529h-70.741v-50.529z",
          "M660.252 365.466c0 0-58.108-83.373 83.373-118.743s55.582-179.378 55.582-179.378"
        ],
        "attrs": [
          {
            "strokeLinejoin": "miter",
            "strokeLinecap": "butt",
            "strokeMiterlimit": "10",
            "strokeWidth": 20.211589499312716
          },
          {
            "strokeLinejoin": "miter",
            "strokeLinecap": "butt",
            "strokeMiterlimit": "10",
            "strokeWidth": 20.211589499312716
          },
          {
            "fill": "none",
            "strokeLinejoin": "miter",
            "strokeLinecap": "butt",
            "strokeMiterlimit": "10",
            "strokeWidth": 20.211589499312716
          },
          {
            "strokeLinejoin": "miter",
            "strokeLinecap": "butt",
            "strokeMiterlimit": "10",
            "strokeWidth": 20.211589499312716
          },
          {
            "strokeLinejoin": "miter",
            "strokeLinecap": "butt",
            "strokeMiterlimit": "10",
            "strokeWidth": 20.211589499312716
          },
          {
            "strokeLinejoin": "miter",
            "strokeLinecap": "butt",
            "strokeMiterlimit": "10",
            "strokeWidth": 20.211589499312716
          },
          {
            "strokeLinejoin": "miter",
            "strokeLinecap": "butt",
            "strokeMiterlimit": "10",
            "strokeWidth": 20.211589499312716
          },
          {
            "fill": "none",
            "strokeLinejoin": "miter",
            "strokeLinecap": "butt",
            "strokeMiterlimit": "10",
            "strokeWidth": 20.211589499312716
          }
        ],
        "width": 1320,
        "isMulticolor": false,
        "isMulticolor2": false,
        "grid": 0,
        "tags": [
          "juegos"
        ]
      },
      "attrs": [
        {
          "strokeLinejoin": "miter",
          "strokeLinecap": "butt",
          "strokeMiterlimit": "10",
          "strokeWidth": 20.211589499312716
        },
        {
          "strokeLinejoin": "miter",
          "strokeLinecap": "butt",
          "strokeMiterlimit": "10",
          "strokeWidth": 20.211589499312716
        },
        {
          "fill": "none",
          "strokeLinejoin": "miter",
          "strokeLinecap": "butt",
          "strokeMiterlimit": "10",
          "strokeWidth": 20.211589499312716
        },
        {
          "strokeLinejoin": "miter",
          "strokeLinecap": "butt",
          "strokeMiterlimit": "10",
          "strokeWidth": 20.211589499312716
        },
        {
          "strokeLinejoin": "miter",
          "strokeLinecap": "butt",
          "strokeMiterlimit": "10",
          "strokeWidth": 20.211589499312716
        },
        {
          "strokeLinejoin": "miter",
          "strokeLinecap": "butt",
          "strokeMiterlimit": "10",
          "strokeWidth": 20.211589499312716
        },
        {
          "strokeLinejoin": "miter",
          "strokeLinecap": "butt",
          "strokeMiterlimit": "10",
          "strokeWidth": 20.211589499312716
        },
        {
          "fill": "none",
          "strokeLinejoin": "miter",
          "strokeLinecap": "butt",
          "strokeMiterlimit": "10",
          "strokeWidth": 20.211589499312716
        }
      ],
      "properties": {
        "order": 20,
        "id": 3,
        "name": "juegos",
        "prevSize": 32,
        "code": 59648
      },
      "setIdx": 0,
      "setId": 2,
      "iconIdx": 0
    },
    {
      "icon": {
        "paths": [
          "M523.036 258.547c0 56.773-46.023 102.796-102.796 102.796s-102.796-46.023-102.796-102.796c0-56.773 46.023-102.796 102.796-102.796s102.796 46.023 102.796 102.796z",
          "M523.036 723.413c0 56.773-46.023 102.796-102.796 102.796s-102.796-46.023-102.796-102.796c0-56.773 46.023-102.796 102.796-102.796s102.796 46.023 102.796 102.796z",
          "M1048.537 517.821c0 56.773-46.023 102.796-102.796 102.796s-102.796-46.023-102.796-102.796c0-56.773 46.023-102.796 102.796-102.796s102.796 46.023 102.796 102.796z",
          "M420.239 296.443l525.501 221.378",
          "M945.741 517.821l-474.144 205.592",
          "M471.597 723.413v-464.867"
        ],
        "attrs": [
          {
            "strokeLinejoin": "miter",
            "strokeLinecap": "butt",
            "strokeMiterlimit": "10",
            "strokeWidth": 20.211589499312716
          },
          {
            "strokeLinejoin": "miter",
            "strokeLinecap": "butt",
            "strokeMiterlimit": "10",
            "strokeWidth": 20.211589499312716
          },
          {
            "strokeLinejoin": "miter",
            "strokeLinecap": "butt",
            "strokeMiterlimit": "10",
            "strokeWidth": 20.211589499312716
          },
          {
            "fill": "none",
            "strokeLinejoin": "miter",
            "strokeLinecap": "butt",
            "strokeMiterlimit": "10",
            "strokeWidth": 20.211589499312716
          },
          {
            "fill": "none",
            "strokeLinejoin": "miter",
            "strokeLinecap": "butt",
            "strokeMiterlimit": "10",
            "strokeWidth": 20.211589499312716
          },
          {
            "fill": "none",
            "strokeLinejoin": "miter",
            "strokeLinecap": "butt",
            "strokeMiterlimit": "10",
            "strokeWidth": 20.211589499312716
          }
        ],
        "width": 1320,
        "isMulticolor": false,
        "isMulticolor2": false,
        "grid": 0,
        "tags": [
          "compartir"
        ]
      },
      "attrs": [
        {
          "strokeLinejoin": "miter",
          "strokeLinecap": "butt",
          "strokeMiterlimit": "10",
          "strokeWidth": 20.211589499312716
        },
        {
          "strokeLinejoin": "miter",
          "strokeLinecap": "butt",
          "strokeMiterlimit": "10",
          "strokeWidth": 20.211589499312716
        },
        {
          "strokeLinejoin": "miter",
          "strokeLinecap": "butt",
          "strokeMiterlimit": "10",
          "strokeWidth": 20.211589499312716
        },
        {
          "fill": "none",
          "strokeLinejoin": "miter",
          "strokeLinecap": "butt",
          "strokeMiterlimit": "10",
          "strokeWidth": 20.211589499312716
        },
        {
          "fill": "none",
          "strokeLinejoin": "miter",
          "strokeLinecap": "butt",
          "strokeMiterlimit": "10",
          "strokeWidth": 20.211589499312716
        },
        {
          "fill": "none",
          "strokeLinejoin": "miter",
          "strokeLinecap": "butt",
          "strokeMiterlimit": "10",
          "strokeWidth": 20.211589499312716
        }
      ],
      "properties": {
        "order": 19,
        "id": 2,
        "name": "compartir",
        "prevSize": 32,
        "code": 59649
      },
      "setIdx": 0,
      "setId": 2,
      "iconIdx": 1
    },
    {
      "icon": {
        "paths": [
          "M1168.937 749.749c-142.391-140.572-284.781-281.123-427.192-421.695-46.386-45.82-117.894 25.628-71.448 71.448 142.391 140.572 284.802 281.143 427.192 421.695 46.406 45.799 117.894-25.628 71.448-71.448v0z",
          "M663.567 328.115c-140.572 142.391-281.123 284.802-421.674 427.192-45.799 46.406 25.628 117.894 71.448 71.448 140.572-142.391 281.123-284.802 421.674-427.192 45.799-46.406-25.628-117.874-71.448-71.448v0z"
        ],
        "attrs": [
          {},
          {}
        ],
        "width": 1320,
        "isMulticolor": false,
        "isMulticolor2": false,
        "grid": 0,
        "tags": [
          "flecha1"
        ]
      },
      "attrs": [
        {},
        {}
      ],
      "properties": {
        "order": 15,
        "id": 1,
        "name": "flecha1",
        "prevSize": 32,
        "code": 59650
      },
      "setIdx": 0,
      "setId": 2,
      "iconIdx": 2
    },
    {
      "icon": {
        "paths": [
          "M240.498 399.543c141.481 141.481 282.962 282.962 424.443 424.443 46.123 46.123 117.571-25.325 71.448-71.448-141.481-141.481-282.962-282.962-424.443-424.443-46.123-46.143-117.571 25.325-71.448 71.448v0z",
          "M743.14 823.986c141.481-141.481 282.962-282.962 424.443-424.443 46.123-46.123-25.325-117.571-71.448-71.448-141.481 141.481-282.962 282.962-424.443 424.443-46.143 46.103 25.325 117.571 71.448 71.448v0z"
        ],
        "attrs": [
          {},
          {}
        ],
        "width": 1320,
        "isMulticolor": false,
        "isMulticolor2": false,
        "grid": 0,
        "tags": [
          "prueba"
        ]
      },
      "attrs": [
        {},
        {}
      ],
      "properties": {
        "order": 10,
        "id": 0,
        "name": "prueba",
        "prevSize": 32,
        "code": 59651
      },
      "setIdx": 0,
      "setId": 2,
      "iconIdx": 3
    },
    {
      "icon": {
        "paths": [
          "M928 128h-832c-52.8 0-96 43.2-96 96v640c0 52.8 43.2 96 96 96h832c52.8 0 96-43.2 96-96v-640c0-52.8-43.2-96-96-96zM398.74 550.372l-270.74 210.892v-501.642l270.74 290.75zM176.38 256h671.24l-335.62 252-335.62-252zM409.288 561.698l102.712 110.302 102.71-110.302 210.554 270.302h-626.528l210.552-270.302zM625.26 550.372l270.74-290.75v501.642l-270.74-210.892z"
        ],
        "tags": [
          "envelop",
          "mail",
          "email",
          "contact",
          "letter"
        ],
        "defaultCode": 59717,
        "grid": 16,
        "attrs": []
      },
      "attrs": [],
      "properties": {
        "ligatures": "envelop, mail",
        "name": "envelop",
        "order": 12,
        "id": 70,
        "prevSize": 32,
        "code": 59717
      },
      "setIdx": 1,
      "setId": 1,
      "iconIdx": 69
    },
    {
      "icon": {
        "paths": [
          "M544.010 1024.004c-2.296 0-4.622-0.25-6.94-0.764-14.648-3.25-25.070-16.238-25.070-31.24v-480h-480c-15.002 0-27.992-10.422-31.24-25.070-3.25-14.646 4.114-29.584 17.708-35.928l960-448c12.196-5.688 26.644-3.144 36.16 6.372 9.516 9.514 12.060 23.966 6.372 36.16l-448 960c-5.342 11.44-16.772 18.47-28.99 18.47zM176.242 448h367.758c17.674 0 32 14.328 32 32v367.758l349.79-749.546-749.548 349.788z"
        ],
        "tags": [
          "compass",
          "direction",
          "location"
        ],
        "defaultCode": 59721,
        "grid": 16,
        "attrs": []
      },
      "attrs": [],
      "properties": {
        "ligatures": "compass, direction",
        "name": "compass",
        "order": 11,
        "id": 74,
        "prevSize": 32,
        "code": 59721
      },
      "setIdx": 1,
      "setId": 1,
      "iconIdx": 73
    },
    {
      "icon": {
        "paths": [
          "M64 192h896v192h-896zM64 448h896v192h-896zM64 704h896v192h-896z"
        ],
        "tags": [
          "menu",
          "list",
          "options",
          "lines",
          "hamburger"
        ],
        "defaultCode": 59837,
        "grid": 16,
        "attrs": []
      },
      "attrs": [],
      "properties": {
        "ligatures": "menu, list3",
        "name": "menu",
        "order": 13,
        "id": 190,
        "prevSize": 32,
        "code": 59837
      },
      "setIdx": 1,
      "setId": 1,
      "iconIdx": 189
    },
    {
      "icon": {
        "paths": [
          "M992 384h-352v-352c0-17.672-14.328-32-32-32h-192c-17.672 0-32 14.328-32 32v352h-352c-17.672 0-32 14.328-32 32v192c0 17.672 14.328 32 32 32h352v352c0 17.672 14.328 32 32 32h192c17.672 0 32-14.328 32-32v-352h352c17.672 0 32-14.328 32-32v-192c0-17.672-14.328-32-32-32z"
        ],
        "tags": [
          "plus",
          "add",
          "sum"
        ],
        "defaultCode": 59914,
        "grid": 16,
        "attrs": []
      },
      "attrs": [],
      "properties": {
        "ligatures": "plus, add",
        "name": "plus",
        "order": 14,
        "id": 267,
        "prevSize": 32,
        "code": 59914
      },
      "setIdx": 1,
      "setId": 1,
      "iconIdx": 266
    },
    {
      "icon": {
        "paths": [
          "M512 0c-282.77 0-512 229.23-512 512s229.23 512 512 512 512-229.23 512-512-229.23-512-512-512zM512 928c-229.75 0-416-186.25-416-416s186.25-416 416-416 416 186.25 416 416-186.25 416-416 416z",
          "M354.744 706.744l90.512 90.512 285.254-285.256-285.256-285.254-90.508 90.508 194.744 194.746z"
        ],
        "tags": [
          "circle-right",
          "right",
          "circle-next",
          "arrow"
        ],
        "defaultCode": 59970,
        "grid": 16,
        "attrs": []
      },
      "attrs": [],
      "properties": {
        "ligatures": "circle-right, right5",
        "name": "circle-right",
        "order": 17,
        "id": 323,
        "prevSize": 32,
        "code": 59970
      },
      "setIdx": 1,
      "setId": 1,
      "iconIdx": 322
    },
    {
      "icon": {
        "paths": [
          "M512 1024c282.77 0 512-229.23 512-512s-229.23-512-512-512-512 229.23-512 512 229.23 512 512 512zM512 96c229.75 0 416 186.25 416 416s-186.25 416-416 416-416-186.25-416-416 186.25-416 416-416z",
          "M669.256 317.256l-90.512-90.512-285.254 285.256 285.256 285.254 90.508-90.508-194.744-194.746z"
        ],
        "tags": [
          "circle-left",
          "left",
          "circle-previous",
          "arrow"
        ],
        "defaultCode": 59972,
        "grid": 16,
        "attrs": []
      },
      "attrs": [],
      "properties": {
        "ligatures": "circle-left, left5",
        "name": "circle-left",
        "order": 18,
        "id": 325,
        "prevSize": 32,
        "code": 59972
      },
      "setIdx": 1,
      "setId": 1,
      "iconIdx": 324
    },
    {
      "icon": {
        "paths": [
          "M928 0h-832c-52.8 0-96 43.2-96 96v832c0 52.8 43.2 96 96 96h416v-448h-128v-128h128v-64c0-105.8 86.2-192 192-192h128v128h-128c-35.2 0-64 28.8-64 64v64h192l-32 128h-160v448h288c52.8 0 96-43.2 96-96v-832c0-52.8-43.2-96-96-96z"
        ],
        "tags": [
          "facebook",
          "brand",
          "social"
        ],
        "defaultCode": 60049,
        "grid": 16,
        "attrs": []
      },
      "attrs": [],
      "properties": {
        "ligatures": "facebook2, brand11",
        "name": "facebook2",
        "order": 6,
        "id": 402,
        "prevSize": 32,
        "code": 60049
      },
      "setIdx": 1,
      "setId": 1,
      "iconIdx": 401
    },
    {
      "icon": {
        "paths": [
          "M512 0c-282.8 0-512 229.2-512 512s229.2 512 512 512 512-229.2 512-512-229.2-512-512-512zM763.6 351l-84 395.8c-5.8 28.2-22.8 34.8-46.4 21.8l-128-94.6-61.4 59.8c-7.2 7-12.8 12.8-25.6 12.8-16.6 0-13.8-6.2-19.4-22l-43.6-143.2-126.6-39.4c-27.4-8.4-27.6-27.2 6.2-40.6l493.2-190.4c22.4-10.2 44.2 5.4 35.6 40z"
        ],
        "tags": [
          "telegram",
          "brand",
          "social"
        ],
        "defaultCode": 60053,
        "grid": 16,
        "attrs": []
      },
      "attrs": [],
      "properties": {
        "name": "telegram",
        "ligatures": "telegram, brand15",
        "order": 16,
        "id": 406,
        "prevSize": 32,
        "code": 60053
      },
      "setIdx": 1,
      "setId": 1,
      "iconIdx": 405
    },
    {
      "icon": {
        "paths": [
          "M1024 226.4c-37.6 16.8-78.2 28-120.6 33 43.4-26 76.6-67.2 92.4-116.2-40.6 24-85.6 41.6-133.4 51-38.4-40.8-93-66.2-153.4-66.2-116 0-210 94-210 210 0 16.4 1.8 32.4 5.4 47.8-174.6-8.8-329.4-92.4-433-219.6-18 31-28.4 67.2-28.4 105.6 0 72.8 37 137.2 93.4 174.8-34.4-1-66.8-10.6-95.2-26.2 0 0.8 0 1.8 0 2.6 0 101.8 72.4 186.8 168.6 206-17.6 4.8-36.2 7.4-55.4 7.4-13.6 0-26.6-1.4-39.6-3.8 26.8 83.4 104.4 144.2 196.2 146-72 56.4-162.4 90-261 90-17 0-33.6-1-50.2-3 93.2 59.8 203.6 94.4 322.2 94.4 386.4 0 597.8-320.2 597.8-597.8 0-9.2-0.2-18.2-0.6-27.2 41-29.4 76.6-66.4 104.8-108.6z"
        ],
        "tags": [
          "twitter",
          "brand",
          "tweet",
          "social"
        ],
        "defaultCode": 60054,
        "grid": 16,
        "attrs": []
      },
      "attrs": [],
      "properties": {
        "ligatures": "twitter, brand16",
        "name": "twitter",
        "order": 9,
        "id": 407,
        "prevSize": 32,
        "code": 60054
      },
      "setIdx": 1,
      "setId": 1,
      "iconIdx": 406
    }
  ],
  "height": 1024,
  "metadata": {
    "name": "icomoon"
  },
  "preferences": {
    "showGlyphs": true,
    "showQuickUse": true,
    "showQuickUse2": true,
    "showSVGs": true,
    "fontPref": {
      "prefix": "icon-",
      "metadata": {
        "fontFamily": "icomoon"
      },
      "metrics": {
        "emSize": 1024,
        "baseline": 6.25,
        "whitespace": 50
      },
      "embed": false
    },
    "imagePref": {
      "prefix": "icon-",
      "png": true,
      "useClassSelector": true,
      "color": 0,
      "bgColor": 16777215,
      "classSelector": ".icon"
    },
    "historySize": 50,
    "showCodes": true,
    "gridSize": 16
  }
}